selection1_extract1,selection1_selection2,selection1_selection3
GET Rs. 100 CASHBACK ON Rs. 400  ,FCBILL,"Pay Less with Freecharge!! Get Rs. 100 cashback on recharge/ bill payment of Rs. 400 or above. Offer valid once per user/credit card/debit card/mobile number. Offer is not valid for airtel useRs.  Cashback of 20% is given to the user. Cashback has a validity of 185 days from the date of credit. Offer is valid for a limited time period only. Valid till 7th April, 2016."
GET FLAT Rs. 50 CASHBACK ON RECHARGES  ,6FC,Freecharge Exciting Offer! GET Flat 6% cashback on Minimum Transaction of Rs. 50 or more. Use above the Promo code to availing this cashback offer. You can use the coupon code only TWICE per Credit/Debit Card/Mobile Number. User can get maximum cashback of Rs. 50 on your Recharges/Bill Payments. Cashback will be credited to your FreeCharge Wallet   of your transaction. Hurry! Recharge it now.
FLAT 20% CAHSBACK ON LANDLINE BILL PAYMENTS,FIRSTLL,"Exclusive Freecharge Promocode!! Pay your first landline bill with FreeCharge today and Get Flat 20% Cahsback on your first landline bill payments of Rs. 200 or more. Use FIRSTLL as the Freecharge Coupon code, when asked “Have a Promo Code” to avail cashback offer. Offer is Valid on minimum transaction of Rs. 200 and Maximum cashback of Rs. 100 during the offer period. Cashback will be credited to your FreeCharge Wallet within a day or your transaction. Hurry!! Transact Now. Offer is valid till 7th April 2016."
FLAT Rs. 50 CASHBACK  ,4FC,Here's an offer to help you to Get cashback on your next recharge! Get 4% cashback on Minimum Transaction of Rs. 50 or more. Use above the Promo code to availing this cashback offer. You can use this coupon code Five Times per credit/debit card/net banking/mobile number. User can get maximum cashback of Rs. 50 on your Postpaid/Prepaid & DTH recharges. Cashback will be credited to your FreeCharge Wallet   of your transaction. Hurry! Recharge it now. Offer is valid till 31st March 2016.
FLAT 25% CASHBACK ON DTH RECHARGES,D2H25,"The cricket fever is flying high this T20 season. Don’t let low DTH balance ruin it for you!! Now recharge your DTH Data Card with minimum of Rs. 300 or more on freecharge & Get Flat 25% Cashback on your DTH Data Card recharge. Use the above given Coupon code to avail this cashback offer. Cashback will be credited to your FreeCharge Wallet which can be redeemed within 185 days from date of credit, and is non transferable. This Coupon code will be work only once per user  / Debit Card/Credit Card. Hurry!! Recharge it now. Offer is valid till 7th April, 2016."
GET FLAT 10% CASHBACK on recharges,FC10,GET This Freecharge Offer! GET Flat 10% Cashback on minimum recharge and bill payments value of Rs. 50 or more. Use above the Coupon Code to activate this cashback offer. You can use the coupon code only once per Credit/Debit Card/Mobile Number. User can get maximum cashback of Rs. 100 on your Recharges/Bill Payments. Cashback will be auto accredited to your FreeCharge Wallet instant of your transaction. Hurry! Transact now.
FREE Rs. 100 CASHBACK ON GAS & ELECTRICITY BILL PAYMENTS,BILL20,Latest Freecharge Coupon Code!! Pay bills the FreeCharge way and earn exciting rewards! Freecharge offering Flat 20% Cashback on gas & electricity bill payments. This offer is valid only for new useRs.  Offer valid only once per user/credit/debit card & mobile number. Valid on credit/debit cards/freecharge balance & netbanking. Minimum recharge value of Rs. 500 required to avail this offer. Maximum cashback of Rs. 100/-. Cashback will be credited to your Freecharge wallet. Offers not valid on virtual cards and international cards which are issued outside India. Hurry! Transact Now. Offer is valid for today.
GET Rs. 50 CASHBACK ON RECHARGES  ,5FC,"Don’t lost this amazing Freecharge coupon code!! Get Flat 5% Cashback on minimum recharge of Rs. 50 or more on Freecharge. Apply above the coupon code to avail the offer. Applicable THRICE per user/credit/debit card/mobile number. Offer valid on minimum recharge of Rs. 50 and Maximum cashback of Rs. 50 per transaction. Cashback will be credited to your FreeCharge Wallet within 24hrs of your transaction. Hurry!! Transact Now. Offer is valid till 23rd March, 2016."
GET Rs. 200 CASHBACK ON ELECTRICITY BILL PAYMENT  ,FIRSTBILL,"Freecharge exclusive offer!! Get Rs. 200 cashback on first transaction of electricity bill payment. Offer valid on minimum transaction of Rs. 200/-. Maximum cashback of Rs. 100/-. Valid only once per user credit/debit card/mobile number. Cashback will be credited to your freecharge wallet which can be redeemed within 185 days from date of credit. Offer valid only on freecharge App & web. Hurry!! Redeemed it now. Offer valid till 31st Mar, 2016."
FREE Rs. 50 CASHBACK ON BILL PAYMENT  ,50POST,"Freecharge Exclusive!! Pay your first bill payment with minimum of Rs. 400 or more on Freecharge, And Get Flat Rs. 50 cashback on your bill payments. Use the above given coupon code to avail the offer. Tried Prepaid transactions on FreeCharge? It is super-fast & hassle-free right now. Offer is valid only once per User/Credit/Debit Card/Mobile Number. Cashback will be auto credited to your FreeCharge Wallet within a day from date of transaction. Applicable on minimum transaction of Rs. 400/-and Flat cashback of Rs. 50/-. Hurry!! Transact now. Offer is valid till 31st March, 2016."
FLAT Rs. 50 CASHBACK ON DTH RECHARGES,FIRSTDTH,Binge watch your favourite TV shows without interruption! Do a DTH recharge with minimum of Rs. 400 or more on Freecharge & Get Flat Rs. 50 cashback on your DTH recharges. Apply the above given Coupon code to activate this Exclusive offer. Offer is valid only once per user/Debit Card/Credit Card/Mobile Number. Cashback will be auto credited to your FreeCharge Wallet   which can be redeemed within 185 days from date of credit. Valid only for new useRs.  Hurry!! Offer is valid till 7th April 2016.
GET Rs. 130 FREE ON RECHARGE OF Rs. 40  ,CDEX7OKTYHX3,This is the offer every freecharge user wants to do recharge with! Use this Freecharge coupon and get Rs. 130 free. Offer is valid on minimum recharge of Rs. 40/-. Offer is valid on Freecharge website and app. Offer valid once per mobile number/user. Extra amount will be transferred to your Freecharge account within 24 hours from the time of transaction. You can redeem this amount any time you want  .
FLAT Rs. 20 CASHBACK ON RECHARGE OF Rs. 50  ,FREEG,Exciting internet recharge offer for all Freecharge users!! Get flat Rs. 20 Cashback on 3G recharge of Rs. 50 or more on FreeCharge. Use the above given coupon code to activate this cashback offer. Offer is Valid only Once per User/Credit/Debit Card/Mobile Number. Valid on Minimum 3G Recharge of Rs. 50 or more and Flat c​ashback of Rs. 20 in this offer. Cashback will be credited to your FreeCharge Wallet   of your transaction which can be redeemed within 185 days from date of credit. Offer is valid ​for all users​.​
GET FLAT 25% CASHBACK ON RECHARGES/BILL PAYMENTS,NEW25,Free Recharge offers!! Get Flat 25% cashback on recharge and bill payments of Rs. 50 or more on Freecharge. This offer is applicable once per user/credit/debit card/net banking/mobile number. Valid on minimum recharge of Rs. 50 and Maximum cashback is Rs. 50 per transaction. NEW25 as a promo code has to be applied to avail cashback offer. Cashback will be auto accredited to your FreeCharge Wallet within 24hrs that can be redeemed within 185 days. Hurry!! Offer valid till 23rd March 2016.
FLAT 100% CASHBACK ON RECHARGES/BILL PAYMENT,RQB1CNC,Latest FreeCharge Promo Code!! Recharge with minimum of Rs. 50 or more on FreeCharge and get mind blowing 100% cashback on your recharges. Apply above the coupon code to availing this amazing 100% cashback offer. This offer is valid only once per user/Debit card/ Credit card/ Mobile number. User can get maximum cashback of Rs. 50 through this coupon code. Cashback will be auto credit to your FreeCharge Wallet within a day of your transaction. Hurry!! Recharge it now.
GET 50% CASHBACK ON RECHARGE OF Rs. 50/-,NEWFC,Don’t loss this exclusive coupon code!! Get Flat 50% Cashback on minimum recharge of Rs. 50 or more. Apply the above Promo Code to avail this offer and enjoy this amazing 50% cahsback. Cashback will be auto credited to your FreeCharge Wallet within a day of your recharges. This offer is applicable only once per user/Credit card/Debit card. Note: - Offer is not valid for Airtel UseRs.  Hurry! Recharge it now. Offer is valid till 31st March 2016.
GET 100% CASHBACK ON RECHARGE,HIFC,"Now recharge with these fantastic FreeCharge Coupons!! Now GET free Rs. 100 on recharge of Rs. 50/-. Use the Freecharge promo code by click on the ""View Code"" button. This offer can be redeemed on Freecharge desktop/mobile site and Freecharge app. Offer is valid only once per new user/ mobile number. Cashback time is 1 day. Use only credit card/ debit card while making payment otherwise you won't be able to get the cashback."
FREE Rs. 100 CASHBACK ON POSTPAID BILL PAYMENTS,POST15,Latest Promo Code!! Don’t let phone bills keep you from catching up with friends. Now pay your Postpaid Bill for a minimum of Rs. 400 or above & get amazing cashback of Rs. 100 on your bill payments. Apply above the Promo Code to availing this cashback offer. This offer is valid only once per user/credit/debit card/mobile number. Cashback will be auto accredited to your FreeCharge Wallet   of the transaction. Hurry!! Transact now. Offer is valid till 31st March 2016.
FLAT 20% CASHBACK ON LANDLINE BILL PAYMENTS  ,LL20,Freecharge Mind-blowing offer!! Get Flat 20% Cashback on your Landline Bill Payment of Rs. 300 or more on FreeCharge. Apply the above Promo Code to activate this amazing cashback offer. Valid for new useRs.  Offer is Valid only once per user/credit/debit Card/Mobile Number. Valid on Minimum Landline Bill Payment of Rs. 300 or more and Flat cashback of Rs. 100/-. Cashback will be auto accredited to your FreeCharge Wallet   of your transaction. Hurry!! Recharge it now. Offer is valid till 31st Mar 2016.
GET 200% CASHBACK ON RECHARGES  ,HOLI,"Let the festivities begin! Get 200% Cashback on a minimum recharge of Rs. 50 or more on Freecharge.in. Celebrate ‪‎Holi with this colourful offer!! Offer is valid on Minimum recharge of Rs. 50 or more and Minimum cashback of Rs. 3 & Maximum cashback of Rs. 100 per transaction. Cashback will be credited to your FreeCharge Wallet. Use above the given Promocode to avail cashback offer. You can use the above coupon code upto three times during the offer period. Hurry!! Transact Now!! Offer is valid from 24th to 28th March, 2016."
GET Rs. 100 CASHBACK ON LANDLINE BILL PAYMENTS  ,LAND100,FreeCharge Exclusive Promo Code!! Pay your Landline Bill with minimum of Rs. 300 or above on FreeCharge & get fantastic cashback of Rs. 100 on your bill payments. Use the above Coupon Code & effortlessly pay your Landline Bills with FreeCharge. This offer is valid only once per user/credit/debit card/mobile number/net banking. Cashback will be auto transferred to your FreeCharge Wallet   of your transaction that can be redeemed within 185 days from the date of credit. Hurry!! Transact Now. Offer is valid for today only.
GET FLAT 10% CASHBACK ON BILL PAYMENTS,POWER,"Free recharge Offers!! GET Flat 10% cashback on electricity bill payments Min. of Rs. 300/-. Offer applicable only for your Mumbai Reliance Energy/ BSES Yamuna Delhi NCR/ JVVNL Bills payments. Valid on minimum bill payment of Rs. 300/-. The maximum cashback value is Rs. 100/-. Valid once per user/credit/debit card/mobile number or valid on Credit Card/Debit Card/ NetBanking transactions. Cashback will be credited to your FreeCharge Wallet which can be redeemed with in 185 days from date of credit, and is non transferable. Hurry!! Offer valid till 16th March 2016."
 GET Rs. 50 CASHBACK  on recharges,FC4,Stressed out due to bill payments and recharges? Freecharge here to ease it off! Get 4% cashback on Minimum Transaction of Rs. 50 or more. Use above the Promo code to availing this cashback offer. You can use this coupon code THRICE per credit/debit card/net banking/mobile number. User can get maximum cashback of Rs. 50 on your Postpaid/Prepaid & DTH recharges. Cashback will be credited to your FreeCharge Wallet   of your transaction. Hurry! Recharge it now. Offer is valid till 2nd March 2016.
GET Rs. 30 CASHBACK ON RECHARGE OF Rs. 50  ,NEW30,Don’t miss this exciting offer!! Get Rs. 30 cashback on transaction of Rs. 50 or more. Apply the above Coupon Code to availling this offer. Cashback will be auto credited to your FreeCharge Wallet   of your transaction. This offer is valid only once per user/Credit card/Debit card. Note: - Offer is not valid for Airtel UseRs.  Hurry! Recharge it now. Offer is valid on successful Recharges/Bill Payments done till 9th March 2016.
GET 5% CASHBACK ON EVERY RECHARGE,FC5,Exciting Freecharge Offer!! Recharge your mobile phone with minimum of Rs. 50 or more on Freecharge and now and get flat 5% cashback on your recharges. Use above the coupon code to availing this amazing cashback. User can get Maximum cashback of Rs. 50 on recharges and bill payments. This offer is valid THRICE per user/credit/debit card/net banking/mobile number. Hurry! Recharge it now. Offer is valid till 5th March 2016.
FREE Rs. 100 CASHBACK ON ELECTRICITY/ GAS BILL PAYMENTS,BILL100,GET This Exciting Freecharge Offer! GET Flat Rs. 100 cashback on your Electricity & Bill Payments. Use the above Promo code & enjoy this fabulous cashback of Rs. 100 on your electricity/bill payments. This offer is apllicable on minimum utility bill payments of Rs. 500 or above. The coupon code will work only once per user/credit/debit card/mobile number. Cashback will be credited to your FreeCharge Wallet of your transaction. Note: - This offer in not valid for Add Cash Transactions. Hurry!! Recharge it now. Offer is valid till 2nd March 2016.
DTH RECHARGES : FREE Rs. 100 CASHBACK  ,DTH100,Freecharge Exclusive offer!! Recharge your DTH Data card with minimum of Rs. 300 or above on FreeCharge and get Flat Rs. 100 Cashback on your Recharges. Apply above the Coupon Code to avail to get this amazing offer. This offer is applicable only once per user/Credit/Debit Card/Mobile Number. Don't miss watching your favourite TV show with your family! Cashback will be auto credited to your FreeCharge Wallet   of your transaction. Hurry!! Offer is valid till 24th Feb 2016.
Get 10% CASHBACK ON BILL PAYMENTS,POWER10,"Stress Free recharge Offers!! Get 10% cashback on electricity bill payments of Rs. 300/-. Offer applicable for Rajdhani or Yamuna electricity bill payments. Valid on minimum bill payment of Rs. 300/-. The maximum cashback value is Rs. 100/-. Valid once per user/credit/debit card/mobile number or valid on Credit Card/Debit Card/ NetBanking transactions. Cashback will be credited to your FreeCharge Wallet which can be redeemed with in 185 days from date of credit, and is non transferable. Hurry!! Offer valid till 29th Feb, 2016."
GET Rs. 50 CASHBACK ON UTILITY BILL PAYMENTS  ,BL50,Don’t Miss This Exclusive Coupon Code!! Do Utility Bill Payments with minimum of Rs. 500 or more on Freecharge & get Flat Rs. 50 Cashback on your Bill Payments. Apply the above Promo Code to activate this amazing offer. Offer is valid once per user/credit/debit card/mobile number. This offer is valid only minimum bill payments of Rs. 500 or more. You can get Maximum cashback of Rs. 50 per transaction through this coupon code. Cashback will be credited to your FreeCharge Wallet which can be redeemed within 185 days. Hurry!! Recharge it now. Offer is valid for few days only.
GET Rs. 50 CASHBACK ON LANDLINE BILL PAYMENTS  ,LL50,What an Offer!! Freecharge is Offering New Coupon Code for Landline Bill Payments. Get Flat Rs. 50 Cashback on your Landline Bill Payment of Rs. 300 or above on FreeCharge. Use the above Promo Code to activate this amazing cashback offer. Offer is Valid only once per user/credit/debit Card/Mobile Number. Cashback will be auto accredited to your FreeCharge Wallet   of your transaction which can be redeemed within 185 days of the credit. This offer is applicable only on FreeCharge App. Hurry!! Recharge it now.
FREE Rs. 50 CASHBACK ON 3G RECHARGES,3GNEW,FreeCharge Fantastic Coupon Code!! Get Flat Rs. 50 Cashback on minimum 3G recharge of Rs. 100 or more above on FreeCharge. Apply above the coupon code to availing this amazing cashback offer. Fast track all your bill payments & recharges with FreeCharge! Offer is Valid only Once per User/Credit/Debit Card/Mobile Number. Cashback will be credited to your FreeCharge Wallet   of your transaction which can be redeemed within 185 days from date of credit.
100% CASHBACK ON RECHARGE OF Rs. 50  ,A50,Fabulous Freecharge coupons!! Apply the above promo code and get a free recharge of Rs. 100 on doing a transaction of Rs. 50/-on freecharge. This promo code is valid for all freecharge useRs.  Offer is valid only once per email address/ user/ mobile number/ debit card/ credit card. Offer is not applicable if payment is done through net banking. Also offer is valid on freecharge app and website.
FREE Rs. 25 CASHBACK ON RECHARGES/BILL PAYMENTS,APP25,Free Recharge offers!! GET Rs. 25 cashback on recharge and bill payments of Rs. 50 or more. Applicable once per user/credit/debit card/netbanking/mobile number only on FreeCharge App. Valid on minimum recharge of Rs. 50 and maximum cashback of Rs. 25 per transaction. APP25 promocode has to be applied to avail cashback offer. Cashback will be credited to your FreeCharge Wallet within 24hrs that can be redeemed within 185 days. Hurry!! Offer valid till 24th Feb. 2016.
100% CASHBACK ON RECHARGE/BILL PAYMENTS,HELLO75,Fantastic FreeCharge coupons!! Freecharge is offering 100% cashback on recharge in just Rs. 75/-. Use the above freecharge promo code & get fantastic cashback of 100% on your recharge. Offer valid once per user/debit card/ credit card/ net banking. Offer is valid for new useRs.  Cash back will be auto credited to your FreeCharge wallet of successful transaction. Offer is valid for few days only. Hurry!! Recharge it now.
FREE Rs. 50 CASHBACK ON POSTPAID RECHARGE,POST50,"Don’t Miss This Fabulous Freecharge Offer!! GET Rs. 50 Cashback on your Postpaid Recharge & Bill Payments minimum of Rs. 400 or more. Use the above Coupon Code to availing this fantastic offer. This offer is valid only once per user/Debit Crad/Credit Card/Mobile Number. Cashback will be accredited to your FreeCharge Wallet   of your transaction. Let conversations go on all day all night!! Hurry!! Transact now. Offer is valid till 17th February, 2016."
GET FLAT Rs. 50 CASHBACK ON DTH RECHARGES,DTH50,Exclusive Freecharge Coupon Code! Do a DTH recharge with minimum of Rs. 300 or above on Freecharge & get Flat Rs. 50 cashback on your DTH recharges. Use the above Coupon code to activate this Exclusive offer. This offer is valid only once per user/Debit Card/Credit Card/Mobile Number. Cashback will be auto transferred to your FreeCharge Wallet   which can be redeemed within 185 days from date of credit. Valid only for new useRs.  Spending time at home with your dear ones made better with FreeCharge! Hurry!! Offer is valid till 17th February 2016.
GET Rs. 20 CASHBACK ON 3G RECHARGE OF Rs. 100  ,FC3G,"Latest Promo Code On FreeCharge!! Now recharge your 3G Net Recharge with minimum of Rs. 100 or more on FreeCharge, and get flat Rs. 20 cashback on your 3G recharges. Apply above the coupon code to above the coupon code to availing this offer. This offer is applicable on both Freecharge App as well as Freecharge website. This is valid only once per User/Credit Card/Debit Card/Mobile Number. Hurry!! Recharge it now. Offer is valid till 14th January 2016."
GET Rs. 40 CASHBACK ON RECHARGES/BILL PAYMENTS,GO20,Latest FreeCharge Promo Codes!! Freecharge is Offering Flat Rs. 20 Cashback on Recharges and Bill Payments of Rs. 50 or more. Use above the coupon code to availing this amazing freecharge cashback offer. This offer is valid only Once per User/Credit/Debit Card/Mobile Number. User can avail this offer through on both FreeCharge App as well as FreeCharge Website. Also Get additional Rs. 20 Cashback on recharge of Rs. 50   on your post Transaction. Upon the successful transaction you will get a unique coupon code for your post transaction. Note: This offer is valid only for new useRs.  Cashback will be credited to your FreeCharge Wallet which can be redeemed   from date of credit. Hurry!! Recharge it now. Offer is ending soon.
FLAT 10% CASHBACK ON ALL BILL PAYMENTS,BILL50,"Don’t miss this exciting offer!! Pay your Bill Payments with minimum of Rs. 500 or more on FreeCharge & get Fantastic cashback of Rs. 50 on your bill payments. Use above the Promo code to activate this cashback offer. This offer is applicable on Electricity, Gas & Landline bill payments with minimum of Rs. 500 or more. Offer is valid only once per user/Credit Card/Debit Card/Mobile Number. Cashback will be auto credited to your wallet within 24 hours of your transaction. Hurry!! Offer is ending soon."
FREE Rs. 50 CASHBACK ON LANDLINE BILL PAYMENTS,LAND50,Freecharge Latest Promo Code!! Pay your Landline Bills with minimum of Rs. 200 or more on FreeCharge & get unbelievable cashback of Rs. 50 on your landline bill payments. Apply above the Promo code to availing this Fantastic offer. This offer is valid only once per user /Credit Card/Debit Card /Mobile Number. Cashback will be auto accrediated to your FreeCharge Wallet   of your transaction. Hurry!! Pay your bills even before you finish dialing a number! Offer is valid till 22nd January 2016.
GET FREE Rs. 100 ON RECHARGES/ BILL PAYMENTS,GETFC,Mind-blowing Freecharge offers!! Apply the above freecharge coupon code to get this fantastic cashback. Cashback will be credited within 24 hours of transaction. Offer valid 1 time per mobile number/ debit card/ credit card/ mobile number. Offer is valid on transaction of Rs. 50/-. Offer is not valid if payment is done through netbanking. Offer is valid for those who haven't done any transaction on freecharge. Cashback will be transferred to your freecharge wallet within 24 hours from the time of doing transaction.
GET Rs. 70 ON RECHARGE OF Rs. 50  ,ODDEVEN,"Amazing FreeCharge promo code!! Do a recharge/bill payments with minimum of Rs. 50 or above on FreeCharge and get flat Rs. 20 cashback on your recharges & bill payments. Use above the promo code to availing this amazing offer. This promo code will work upto 5 times per user/credit card/debit card/mobile number. This offer uses the the current odd-even-rule. Suppose today is an odd date, then in-order to get the above cashback your transaction Id must have an odd number at the end. Same rule is applied on even date i.e your transaction Id must have an even number at the end. So don't wait more and recharge with this freecharge offer now!!"
FLAT Rs. 75 CASHBACK ON DTH RECHARGES,DTH75,"Don’t miss this exclusive offer on DTH Recharge!! Recharge your DTH Data card with minimum of Rs. 200 or more on FreeCharge and get flat Rs. 75 Cashback on your Recharges. Use above the Promo Code to availing this amazing offer. Offer is vaild only once per user/Credit/Debit Card/Mobile Number. Cashback will be auto transferred to your FreeCharge Wallet instant of your transaction. Hurry!! Recharge your DTH pack faster than the commercial breaks! Offer is valid till 15th January, 2016."
GET Rs. 30 CASHBACK ON RECHARGES,F3,"Exciting Coupon Code on Freecharge!! Do a minimum recharge of worth Rs. 50 or more on FreeCharge and get flat 3% cashback on your recharges. Apply above the Coupon code to availing this fantastic cashback offer. This coupon code will work upto THRICE per user/Credit/Debit card/Net banking/Mobile number. User can get Maximum cashback of Rs. 30 through this coupon code. Cashback will be auto accredited to your FreeCharge Wallet   of your transaction. Hurry!! Recharge it now. Offer is valid till 22nd January, 2016."
FLAT Rs. 75 CASHBACK ON DTH RECHARGES,DTH75,Exciting Promo Code on Freecharge! Do a DTH recharge with minimum of Rs. 200 or more on Freecharge & get Flat Rs. 75 cashback on your recharges. Apply above the promo code to availing this amazing cashback offer. This offer is applicable only on minimum recharge of Rs. 200/-. This offer is valid once per user/Credit Card/Debit Card/Mobile Number. Cashback will be auto transferred to your FreeCharge Wallet within a day of your transaction. Hurry offer is valid till 15th January 2016.
FLAT Rs. 100 CASHBACK ON DTH RECHARGE/ BILL PAYMENTS,BL100,Amazing FreeCharge Promo Code! Now pay Bills or DTH recharge for minimum of Rs. 400 to & get Rs. 100 Cashback on your bill payments. Use code BL100 as the promo code to availing this mind blowing offer. This offer is valid only once per user/Credit Card/Debit Card & Mobile Number. User can reap to Maximum cashback of Rs. 100 by using above the coupon code. Cashback will be auto accredited to your FreeCharge Wallet   of the transaction. Hurry!! Transact now. Offer is valid for few days only.
GET 50% CASHBACK ON RECHARGE OF Rs. 10,CB10,Amazing Coupons!! Get Rs. 10 Cashback on recharge of Rs. 20 on FreeCharge. Use above the coupon code to activate this offer and enjoy fabulous cahsback of Rs. 10/-. This offer is applicable only once per user/Credit card/Debit card. Note: - Offer is not valid for Airtel UseRs.  Hurry! Recharge it now. Offer is valid till 2PM. Today.
FLAT Rs. 100 CASHBACK ON MOBILE BILL PAYMENTS,P100,FreeCharge Latest Promo Code!! Now pay your postpaid mobile bill for a minimum of Rs. 400 or above & get mind- blowing cashback of Rs. 100 on your bill payments. Use above the Coupon Code to availing this cashback offer. This offer is valid only once per user/credit/debit card/mobile number. Cashback will be auto accredited to your FreeCharge Wallet   of the transaction. Hurry!! Transact now. Offer is valid till 5th January 2016.
FLAT Rs. 150 CASHBACK ON BILL PAYMENTS,BILL150,Best of the December Freecharge coupons!! Use the above coupon code and get flat Rs. 150 cashback on bill payments of Rs. 1500 or more. Offer valid once per user/ mobile number/ credit card/ debit card. Cashback will be accredited to your freecharge wallet within 1 day from the time of transaction. Offer not valid for Airtel useRs.  Offers is valid for today only.
GET Rs. 25 CASHBACK ON RECHARGE OF Rs. 100  ,REL25,Exciting FreeCharge coupons!! Recharge with minimum of Rs. 100 or more on your Prepaid Reliance Mobile phone & get flat of Rs. 25 cashback on your recharges. Use above the Promo code to availing this amazing cashback offer. This offer is valid only once per user/Debit Card/ Credit Card/ Net Banking. User can avail to get maximum cashback of Rs. 25 through this offer. Hurry!! Recharge it now.
GET Rs. 100 CASHBACK ON LANDLINE BILL PAYMENTS,LANDLINE,"Landline bills nearing? Don't Worry! Here is an exciting offer for you. Pay your Landline Bill for minimum of Rs. 500 or more on FreeCharge & get mind blowing cashback of Rs. 100 on your bill payments. Apply above the coupon code to availing this cashback offer. This offer is valid only once per user/Credit Card/Debit Card/Mobile Number. Hurry!! Offer is valid till 6th January, 2016."
GET Rs. 50 CASHBACK ON DTH RECHARGE,TV50,Don't miss this Friday TV night! Recharge your DTH Data Card with minimum of Rs. 200 and get fantastic cashback of Rs. 50 on your DTH Data Card recharge. Use above the promo code & enjoy the cashback in your FreeCharge Wallet. This promo code will be work only once per user  / Debit Card/Credit Card. Hurry!! Recharge it now. Offer is valid for this year only.
