"coupon_header_extract1","coupon_header_selection1","coupon_header_selection2"
"BSNL Monday Offer","BSNL400","Get 30 Cashback on Prepaid Recharges of Rs 400 and above."
"Idea Tuesday Offer.","IDEA400","Get 30 Cashback on Prepaid Recharges of Rs 400 and above."
"Reliance Wednesday Offer.","RELIANCE400","Get 30 Cashback on Prepaid Recharges of Rs 400 and above."
"Vodafone Thursday Offer.","VODA400","Get 30 Cashback on Prepaid Recharges of Rs 400 and above."
"Aircel Friday Offer.","AIRCEL400","Get 30 Cashback on Prepaid Recharges of Rs 400 and above."
"Tata Saturday Offer.","TATA400","Get 30 Cashback on Prepaid Recharges of Rs 400 and above."
"MTNL Sunday Offer.","MTNL400","Get 30 Cashback on Prepaid Recharges of Rs 400 and above."